"caption","commentsCount","displayUrl","firstComment","hashtags/0","hashtags/1","hashtags/2","hashtags/3","hashtags/4","hashtags/5","hashtags/6","inputUrl","isCommentsDisabled","isPinned","likesCount","locationName","productType","timestamp","type","url","videoPlayCount"
"🇺🇦Join us for the “Mariupol Justice Initiative: Accountability for Ukraine Through the Lens of Mariupol” event. Together with the Embassy of Ukraine and Mauripol Council, this event seeks to bring awareness to the destruction of Mariupol, and its implications on mechanisms of international accountability.

⚖️The destruction of Mariupol in 2022 stands as one of the most severe cases of large-scale urban devastation in Europe since the Second World War. With the help of our expert guest speakers, we will unpack the role of the International Criminal Court, The Register of Damages and the Special Tribunal for the Crimes of Aggression against Ukraine.

Join us for this special opportunity and learn more about accountability architecture centered in The Hague.

📅 Tuesday, June 23rd
 🕔 15:00 - 17:00
📍 Spui, Room 1B.12
Spui 5, 2511 BL, The Hague

Sign up via the link in our bio!","0","https://instagram.fyto1-2.fna.fbcdn.net/v/t51.82787-15/720919658_18003189050948578_978018067665412123_n.webp?_nc_cat=110&ig_cache_key=MzkyMDcyODMyOTkxNzMzMTc2OQ%3D%3D.3-ccb7-5&ccb=7-5&_nc_sid=58cdad&efg=eyJ2ZW5jb2RlX3RhZyI6IkNBUk9VU0VMX0lURU0ueHBpZHMuMTQ0MC5zZHIucmVndWxhcl9waG90by5DMyJ9&_nc_ohc=TSix4qo0uqoQ7kNvwHbx35W&_nc_oc=Adpxt9zgYZbne6PkPnJJYGQpXF_EvE_5hL1ystw2i5LQ-ww7yT5dax16Kj_63_---43bk919IIMbS-G7fu07e2ft&_nc_zt=23&_nc_ht=instagram.fyto1-2.fna&_nc_gid=_6L_N2SJz0xVzS9LTqPiQA&_nc_ss=7d689&oh=00_AQCP942ZzBaPVq4jcNCEHnDC0TizP8aLOND2JNcswuzVKw&oe=6A6D38A0","",,,,,,,,"https://www.instagram.com/abba.association.leiden/","false",,"71",,"carousel_container","2026-06-16T10:55:42.000Z","Sidecar","https://www.instagram.com/p/DZpOkSWAlze/",
"Have you heard about Zaporozhian Cossacks from Ukraine? 🇺🇦

Regardless of your answer, we have something special prepared for you! 👀

Join our first Ukrainian TTRPG event and submerge into its folklore and history while learning about and exploring the Cossack Republic of Ukraine. If you like political intrigues, rich folklore and emotional stories, then this event is definitely for you! 

This edition of ABBA DnD will take you to explore the Ukrainian Steppe, merging regions of Kherson, Donbas, Crimea and Dnipro basin, showing the rich tapestry of Ukrainian landscape, culture and history. What awaits you is an emotional story centered around Zaporozhian Cossacks - famed for their untamable nature and wild spirit ⚔️

Leverage your creativity, engage with your fellow players and throw yourself into the deep sea of Ukrainian folklore for a few hours!

🕐 18:00 - 22:00
📍 Beehive Common Room
 📆 Tue, May 12
 Spui 5 2511 BL The Hague

Sign-up by contacting our game master under +31 628 157 692!","0","https://scontent-ssn1-1.cdninstagram.com/v/t51.82787-15/684819298_17997877514948578_7020029174575505626_n.jpg?stp=dst-jpg_e35_p1080x1080_sh2.08_tt6&_nc_ht=scontent-ssn1-1.cdninstagram.com&_nc_cat=110&_nc_oc=Q6cZ2gG7ysJx5mhyAxGvnEazpEM7H1xj-RAOEDAtevAqe6VCFHCqZ3cCqd3cQEodXfyEEXA&_nc_ohc=jx1wZNsl4JAQ7kNvwFriIXV&_nc_gid=3tyTiHeR48MdZCepRKuXdA&edm=ADp7STQBAAAA&ccb=7-5&oh=00_AQByjgxOtinP6AZDNfa-S8KS8XhGnqVMDYu8HaPyJMn2rw&oe=6A6D3908&_nc_sid=c6f216","",,,,,,,,"https://www.instagram.com/abba.association.leiden/","false",,"42",,"feed","2026-05-07T08:04:26.000Z","Image","https://www.instagram.com/p/DYB7FxpAszk/",
"Can’t find the new Beehive Common Room in the Spui Building? Kasia’s got you covered. 🐝

✨ Join us tomorrow for the Cultural Festival at the Spui Building, 6th floor — then keep the fun going at the afterparty in MingleMush. 

😋Unlimited food and drinks await with your ticket. 

Link in bio!","0","https://scontent-lhr11-1.cdninstagram.com/v/t51.82787-15/684727049_17997924731948578_636173846380560647_n.jpg?stp=dst-jpg_e15_tt6&_nc_ht=scontent-lhr11-1.cdninstagram.com&_nc_cat=110&_nc_oc=Q6cZ2gEDQxNFv0m_Z2RT_yNmbK3QMRCHWyxZKu3VGqUFmVt8OTZ2tzRj853FFmVlY8yANYI&_nc_ohc=qugjFHLDIB0Q7kNvwG4nfNd&_nc_gid=966O8AN8FKfzRMAhczAohw&edm=ADp7STQBAAAA&ccb=7-5&oh=00_AQD4EGTYzD5_Cop98VauWezSXgLORdBnGbR-q_TsHY6Gzw&oe=6A6D565B&_nc_sid=c6f216","",,,,,,,,"https://www.instagram.com/abba.association.leiden/","false",,"49",,"clips","2026-05-07T15:48:37.000Z","Video","https://www.instagram.com/p/DYCv7VaiU1U/","2723"
"Discover the beauty of Ukrainian Easter traditions and learn the art of Pysanka egg painting! Using wax and vibrant colors, you’ll create your own unique designs while exploring the meaning behind this centuries-old craft.

🖌️ No experience needed — all materials are provided!
💛 A perfect mix of culture, creativity, and community

📅 8 April
⏰ 18:00 – 21:00
📍 Beehive Common Room
👥 Limited spots

💰 €3 ABBA members | €4 non-members

✨ Join us for a cozy and creative evening — sign up now before spots fill up!","2","https://scontent-yyz1-1.cdninstagram.com/v/t51.82787-15/660044630_17993378000948578_6391735444146787349_n.jpg?stp=dst-jpg_e35_p1080x1080_sh2.08_tt6&_nc_ht=scontent-yyz1-1.cdninstagram.com&_nc_cat=110&_nc_oc=Q6cZ2gHds0itFfrUvJrpBJ1yeQ7MxB23226k5bAAwA_PP697cJ_5GYfuFiZ5knFfgdyMvn8&_nc_ohc=e0AYFGJrV5kQ7kNvwHtQgaN&_nc_gid=GzRxAFmMALBP3NxZQf0u5Q&edm=ADp7STQBAAAA&ccb=7-5&oh=00_AQAM4SWxxy7TzASKXBDMR43f5PtodLISCDs24QIp11KxNg&oe=6A6D3D4A&_nc_sid=c6f216","😍😍",,,,,,,,"https://www.instagram.com/abba.association.leiden/","false",,"52",,"feed","2026-04-01T16:00:00.000Z","Image","https://www.instagram.com/p/DWmFExcgsqF/",
"🔎 Join us for an engaging discussion on European security at the “Nordic-Baltic Security Cooperation” panel 🌍

Together with NASA, we’re bringing you an expert-led conversation on:
 • NATO’s role in regional defense
 • The impact of Crimea’s annexation
 • The rise of hybrid threats & Article 5

🎤 Featuring:
 • Mr. Gatis Šneiders – Deputy Head of Mission, Latvian Embassy
 • Lukas Milevski – Assistant Professor, Leiden University

📅 April 22
⏰ 18:00–20:00
📍 Room 4B.38, Spui Campus, Leiden University

Don’t miss the chance to gain insights from leading experts and be part of the conversation.

👉 Sign up via the link in bio!","1","https://instagram.fmad19-1.fna.fbcdn.net/v/t51.82787-15/670500915_17995198793948578_7421791311821795137_n.jpg?stp=dst-jpg_e35_p1080x1080_sh2.08_tt6&_nc_ht=instagram.fmad19-1.fna.fbcdn.net&_nc_cat=110&_nc_oc=Q6cZ2gFw3ge217CFjRwzbhjDxsRwz4OEX4cINaSdLOcyn9pp9gBwkpvAe3wH7RDOqeQPT-w&_nc_ohc=B-sOKIoqTXAQ7kNvwGsbk_Y&_nc_gid=2iK9_gB-fQFZhA-8JN4_nQ&edm=ADp7STQBAAAA&ccb=7-5&oh=00_AQDEOazwf0WU0aHb-jwIMrqZIdIU4ZjDdN2vvTzeSQ9FZQ&oe=6A6D5520&_nc_sid=c6f216","Yess 🙌",,,,,,,,"https://www.instagram.com/abba.association.leiden/","false",,"72",,"feed","2026-04-16T14:32:33.000Z","Image","https://www.instagram.com/p/DXMi5LQgnkv/",
"How do info-wars and disinformation work? And how to tackle them? Join us for a lecture with Aleksandra Ketlerienė on Friday to talk exactly about that 🙌

📆 Friday, May 22
⏰ 17:15–19:00
📍 3B.38, Leiden University – Spui Campus, The Hague
🔗 Sign up via link in our bio!

#disinformation #studentlife #leidenuniversity #fyp","3","https://scontent-itm1-1.cdninstagram.com/v/t51.71878-15/703275773_811478671796019_2507012272222233375_n.jpg?stp=dst-jpg_e15_tt6&_nc_ht=scontent-itm1-1.cdninstagram.com&_nc_cat=103&_nc_oc=Q6cZ2gEISezjXoob3ysNLT97nMdkkI-y9lHLJpAe4u88vNMnsDpaRasmioLBwyxr0zd1fLwRplcZnMgZ0VXayRQ09Zt3&_nc_ohc=mnrBJAS-DE8Q7kNvwGQflv8&_nc_gid=rHNA-AEtREVhU7SAXB9vow&edm=ADp7STQBAAAA&ccb=7-5&oh=00_AQDg1-h7Jl2ZanpqpHX9Jx5VNLOxU9mV4Ngb8oVvpXc8AA&oe=6A6D42C6&_nc_sid=c6f216","Слава Україні","disinformation","studentlife","leidenuniversity","fyp",,,,"https://www.instagram.com/abba.association.leiden/","false",,"76",,"clips","2026-05-20T14:42:53.000Z","Video","https://www.instagram.com/p/DYkGtL3Cgva/","3268"
"After 16 years under Victor Orbán’s premiership, Hungary has entered a new political era. The most recent election marked a historic defeat for Fidesz and a major shift in the country’s democratic landscape. 

What does this mean for Hungary’s political future, its institutions, and its role in Europe? How should we understand the rise of a new governing force after more than a decade of dominant-party rule?

ABBA invites scholars, analysts, and youth representatives to examine the significance of this election and its broader implications. The discussion will explore the forces that shape the vote, from economic pressures and media influence to democratic concerns, and assess what this result could mean for Hungary’s place in the European Union. 

This is more than a national turning point. It is a moment that may reshape the future of European politics. 

📅 Friday, 24th April
 🕔 17:30 - 
📍 Room 3B.38, Spui Campus, Spui 5, The Hague","0","https://instagram.fpoa12-1.fna.fbcdn.net/v/t51.82787-15/670402718_17994977174948578_4227380913247763936_n.jpg?stp=dst-jpg_e35_tt6&_nc_cat=104&ig_cache_key=Mzg3NTI0Njg4NTU0NzY5NDE2MQ%3D%3D.3-ccb7-5&ccb=7-5&_nc_sid=58cdad&efg=eyJ2ZW5jb2RlX3RhZyI6IkNBUk9VU0VMX0lURU0ueHBpZHMuMTA4MC5zZHIucmVndWxhcl9waG90by5DMyJ9&_nc_ohc=9dk-ver_jKoQ7kNvwEalh1c&_nc_oc=AdqmTKCKT0vHAU1Zq7EdYHXON8zgqItg3BZ4_rgvDAHtyvdxGg7UvZqsQYdW-SZj22Q&_nc_zt=23&_nc_ht=instagram.fpoa12-1.fna&_nc_gid=rFpKmRzMHDdzCGlK3z9IAg&_nc_ss=72a8c&oh=00_AQB90oVWpBUt1qQwdESiNBYiA-KzcAAUREqLX9fsSTzhWg&oe=6A6D3EC9","",,,,,,,,"https://www.instagram.com/abba.association.leiden/","false",,"69",,"carousel_container","2026-04-14T16:50:52.000Z","Sidecar","https://www.instagram.com/p/DXHpIfEggu-/",
"The lecture “Everything You Wanted to Know About Infowars and Disinformation, but Were Afraid to Ask,” presented by Aleksandra Ketlerienė, will explore key issues surrounding disinformation and propaganda, including how they operate, how they can be countered, and how societies can build resilience against them. The renowned political journalist and Deputy Editor-in-Chief of the Lithuanian National Radio and Television news outlet will discuss these topics and answer students’ most pressing questions.
- in partnership with Lithuanian embassy and NLT","1","https://instagram.fbne8-1.fna.fbcdn.net/v/t51.82787-15/692616761_18060502865706130_7213330369530385550_n.jpg?stp=dst-jpg_e35_p1080x1080_sh2.08_tt6&_nc_ht=instagram.fbne8-1.fna.fbcdn.net&_nc_cat=110&_nc_oc=Q6cZ2gFc7XbX5RLdDItg-YrdkahENQlhPKKYgZuOY4xuOQeETkN-W-1Xf9iQqE4yL9AqA7Q&_nc_ohc=PTNRRAkw2AwQ7kNvwGn0XJ4&_nc_gid=BlZPj9pXXDgiiHMj0nqgug&edm=ADp7STQBAAAA&ccb=7-5&oh=00_AQA7A8pih4nBmkST19bKE6pl9T-pwlgSNngB-hudsRr0VQ&oe=6A6D52B5&_nc_sid=c6f216","Super paskaita laukia! Kas negali penktadienį, gali sekmadienį 🇱🇹",,,,,,,,"https://www.instagram.com/abba.association.leiden/","false",,"26",,"feed","2026-05-14T10:25:17.000Z","Image","https://www.instagram.com/p/DYUMeHUsF8N/",
"✨We’re grateful for the little moments that bring us together…  ABBA Cultural Festival Hallelujah 🙏

Summer Nostalgia Hallelujah 🙏

Comfort food, familiar songs, culture, and people that feel like home — what more could you want?

Join us this Friday (May 8th) and celebrate with us 💛

🎟️ Sign up via the link in bio!

#abba #hallelujah #trend #justinbieber #everythinghallelujah","1","https://scontent-icn2-1.cdninstagram.com/v/t51.71878-15/687250873_1283706196637550_7083792293770825999_n.jpg?stp=dst-jpg_e15_tt6&_nc_ht=scontent-icn2-1.cdninstagram.com&_nc_cat=106&_nc_oc=Q6cZ2gEVdzTwKU0hmgbOvZG8w5xN7hqVw0f8C7QMO1Xd-xthHbdXXetdFVpG2PXtCMtsK_o&_nc_ohc=X3mdkclXYRQQ7kNvwHgBByU&_nc_gid=_UOsT1vErGgObJHzXiHCUA&edm=ADp7STQBAAAA&ccb=7-5&oh=00_AQDO8R51OIPI2TS98uPeBAwIs6lKRIuiTDqr8quw5_XU5g&oe=6A6D4FC4&_nc_sid=c6f216","🙏🙏","abba","hallelujah","trend","justinbieber","everythinghallelujah",,,"https://www.instagram.com/abba.association.leiden/","false",,"54",,"clips","2026-05-03T17:04:53.000Z","Video","https://www.instagram.com/p/DX4lWAsi1IC/","3063"
"Reflecting on @abba.association.leiden‘s 2026 Sustainable Peace and Security Conference, featuring distinguished diplomats, including the ambassadors of Ukraine and Estonia, Dutch government officials from the Ministry of Defence (@minvandefensie), and teaching staff of Leiden University’s Faculty of Governance and Global Affairs (@leidenuniversityfgga)","0","https://scontent-cdg4-1.cdninstagram.com/v/t51.82787-15/706504623_17870391153674375_8999679580628624801_n.jpg?stp=dst-jpg_e35_tt6&_nc_cat=102&ig_cache_key=MzkwNDg3OTE2Mjc2MTEzNTIwMg%3D%3D.3-ccb7-5&ccb=7-5&_nc_sid=58cdad&efg=eyJ2ZW5jb2RlX3RhZyI6IkNBUk9VU0VMX0lURU0ueHBpZHMuMzI3Ny5zZHIucmVndWxhcl9waG90by5DMyJ9&_nc_ohc=mZJ0w_NNWCUQ7kNvwEzgvN3&_nc_oc=AdrVWBo6Ppq1utFTo6k9x8GqVjU9Q5LIcOUQgRQvhDoaCTviri63eXQdmllk-R3ujqA&_nc_zt=23&_nc_ht=scontent-cdg4-1.cdninstagram.com&_nc_gid=mf-J6jTjUFIK597YQgk5Fg&_nc_ss=72289&oh=00_AQCmzXMOFeQXZu9iFRNAlQYqrsgj6GArS9JYAIM8DFZNbQ&oe=6A6D2836","",,,,,,,,"https://www.instagram.com/abba.association.leiden/","false",,"-1","Leiden University Campus Den Haag","carousel_container","2026-05-25T14:05:35.000Z","Sidecar","https://www.instagram.com/p/DYw6z2FjPUf/",
"!EVENT CANCELLED!

🔫 Combat Zone – Lasertag with the ABBA Student Association! 

🔎 Join us for an active and fun afternoon of laser tag in a forest! Perfect if you’re into sports, competition, or just want to try out something different. We’ll be playing a mix of game modes like Capture the Flag, Sniper Hunt, and Kill the General, so expect lots of action, teamwork, and a bit of adrenaline. Whether you’re going all in to win or just there for the fun, it’s a great way to get active and bond with fellow ABBA members. Afterwards, we’ll grab a drink together! 

📆 Saturday, 2 May 
⏰ 13:30–16:00 
📍 Speeltuin Scheveningse Bos 
🫵 €21 per person 

‼️ Sign up and payment deadline: 25 April 
⚠️ Your spot is only confirmed once you have paid. If you cancel after 25 April, refunds are no longer possible 
👥 ABBA members only","0","https://instagram.fbne9-1.fna.fbcdn.net/v/t51.82787-15/670652632_17995550411948578_7217490989282773270_n.jpg?stp=dst-jpg_e35_p1080x1080_sh2.08_tt6&_nc_ht=instagram.fbne9-1.fna.fbcdn.net&_nc_cat=110&_nc_oc=Q6cZ2gHnF2kbfOJHrMiJszJJBK6X2TrH5XQPPbf31upaPPlYzVx54I7yK05b3fM6-H7Gwwk&_nc_ohc=vvUpYO5eWRYQ7kNvwENRFsp&_nc_gid=ayhtT-AXAijngXA4EtqMmQ&edm=ADp7STQBAAAA&ccb=7-5&oh=00_AQAksXtHgwDjRxDYW8h1RU2cNGNPPlDSRZYpBTsvEPlyPw&oe=6A6D332C&_nc_sid=c6f216","",,,,,,,,"https://www.instagram.com/abba.association.leiden/","false",,"22",,"feed","2026-04-19T09:46:45.000Z","Image","https://www.instagram.com/p/DXTwkiHAi3g/",
"Apply for board and get involved and help shape the future of ABBA Association!

Running for a Board Member position is a great way to gain experience, take on real responsibilities, and develop your leadership skills. You’ll strengthen your management skills, grow your professional network, and become more confident as the head of your committee.
You’ll also gain the opportunity to connect with other student associations and professionals across the Netherlands, while building lasting friendships with fellow students.

It’s a chance to grow, lead, and be part of something bigger!

Important dates: 
       ⏰ Application deadline: 23 April 2026
       📅 Elections: 30 April 2026

Requirements of Board Membership
       📍You have to be registered in the EU
       📄You must have a BSN number
       🎓You must be a student throughout your Board Membership

Our open positions
      🧑‍💼President 
      ⚙️Chief Operating Officer (COO)
      👥Head of HR Team
      📢Head of Marketing Team
      🎓Head of Academia Department 
      🎨Head of Culture Department
      🌻Head of Ukraine Department
 
Apply via link in ABBA group chat!","1","https://scontent-gmp1-1.cdninstagram.com/v/t51.82787-15/657760197_17993121101948578_4522259704344094627_n.jpg?stp=dst-jpg_e35_tt6&_nc_cat=106&ig_cache_key=Mzg2NDE0ODcyMDA5NDQxODU5Nw%3D%3D.3-ccb7-5&ccb=7-5&_nc_sid=58cdad&efg=eyJ2ZW5jb2RlX3RhZyI6IkNBUk9VU0VMX0lURU0ueHBpZHMuMTA4MC5zZHIucmVndWxhcl9waG90by5DMyJ9&_nc_ohc=kl1mTZUN2D0Q7kNvwEvR0Lk&_nc_oc=AdrNdpvwKnBlbr2x6OWJIALXVh-jvRHF48Qfl8oVYuldb8WYmumRUQKgt-aitlbwSko&_nc_zt=23&_nc_ht=scontent-gmp1-1.cdninstagram.com&_nc_gid=QYNMfxNzpdIxl4OIEEHDXQ&_nc_ss=72689&oh=00_AQB1McPj1u_6txhirwJH9kqn9ubViXmp4O9ZfLGGHameCg&oe=6A6D520D","🔥🔥🔥 and become the 4th generation of ABBA",,,,,,,,"https://www.instagram.com/abba.association.leiden/","false",,"61",,"carousel_container","2026-03-30T09:22:36.000Z","Sidecar","https://www.instagram.com/p/DWgN6MKAtFd/",
"❓How do societies respond when crisis becomes part of everyday life? What allows communities to remain resilient in the face of war, disruption, and uncertainty?

🤝ABBA, in collaboration with the Come Back Alive Foundation, invites students, academics, and members of the wider community to join a presentation and panel discussion on collective responses in times of crisis. Through perspectives from Ukrainian civil society, the event will explore resilience, international solidarity, media narratives, and the role of communities in adapting to prolonged periods of instability.

🇺🇦The discussion will reflect on Ukraine’s experience in mobilising civil society, countering disinformation, building international partnerships, and maintaining social resilience during ongoing conflict.

🎤This is more than a conversation about one country. It is a discussion about how societies respond when institutions, communities, and individuals are tested by crisis.

📅 Monday, May 18th
🕠 17:30–19:00
📍 Room 4B.56, Spui Campus, Leiden University, The Hague

👥 Limited spots available! Sign up via the link in our bio!","2","https://scontent-dus1-1.cdninstagram.com/v/t51.82787-15/687047134_17998629125948578_6003855716454090225_n.jpg?stp=dst-jpg_e35_tt6&_nc_cat=105&ig_cache_key=Mzg5NjAzNzA2NTYxMTYzMDQyOA%3D%3D.3-ccb7-5&ccb=7-5&_nc_sid=58cdad&efg=eyJ2ZW5jb2RlX3RhZyI6IkNBUk9VU0VMX0lURU0ueHBpZHMuMTA4MC5zZHIucmVndWxhcl9waG90by5DMyJ9&_nc_ohc=W6sOw6dC_SwQ7kNvwEShu0Z&_nc_oc=Adr-jEvi8gZjX2OM2wMe5-MEjelRmGR3AaDnQBczvFLHetLiJW80DRP98QCu9b1anL0&_nc_zt=23&_nc_ht=scontent-dus1-1.cdninstagram.com&_nc_gid=VzggP-k9mpnvwrYvvpCujA&_nc_ss=7ca8c&oh=00_AQAfVLgaP9AiVPhCEY87-Zv4AhsyKG84QyX14yBBIS8P5A&oe=6A6D32F1","Nice",,,,,,,,"https://www.instagram.com/abba.association.leiden/","false",,"42",,"carousel_container","2026-05-13T09:17:40.000Z","Sidecar","https://www.instagram.com/p/DYRgUewAm4-/",
"📌 Our main goals are:

1️⃣ Spread awareness of member states’ culture, and traditions.

For years, Eastern European countries have gotten little coverage within university curricula. By starting this association, we aim to raise awareness of our countries’ present-day achievements, as well as historical and cultural richness, through events, discussions, and festivals.

2️⃣ Promote an academic focus on member states’ political and historical developments.

When viewing developments of our countries, little is known to the general public outside of the headline stories. We strive to share knowledge of the intricate workings of our histories and political systems through an academic lens to provide greater context and deeper understanding.

3️⃣ Maintain attention on Russia’s invasion of Ukraine.

For more than four years, Ukraine has been bravely defending its right to freedom and democracy. We aim to do everything possible to support Ukrainian students and to remind our communities about the hardships Ukrainian people are facing.

🤝 Join us as we work towards accomplishing our goals and serving our students.","2","https://scontent-mad2-1.cdninstagram.com/v/t51.82787-15/540611070_17969732837948578_2346948873700195948_n.jpg?stp=dst-jpg_e35_p1080x1080_sh2.08_tt6&_nc_ht=scontent-mad2-1.cdninstagram.com&_nc_cat=110&_nc_oc=Q6cZ2gEuqWxl5TMCohwp_Lv4SpDu8Ce1apr9zjERoGsmLGjEBLmTV__bhK64kymHzwr3Q2w&_nc_ohc=FFGkKwApDYoQ7kNvwFaw1vj&_nc_gid=Nd-72n5VfId0crJrRH-bdQ&edm=ADp7STQBAAAA&ccb=7-5&oh=00_AQB4J8wxufQvcbiPn3XI3ecn8_myJRir0pJ_380lK3qkHg&oe=6A6D226F&_nc_sid=c6f216","Hi, I've send you a PM regarding a documentary, that should be screened at Leiden university. After they had shown ""russians at war"" but failed to show the victims side",,,,,,,,"https://www.instagram.com/abba.association.leiden/","false","true","48",,"feed","2025-09-04T11:00:00.000Z","Image","https://www.instagram.com/p/DOLYnEnAr6Y/",
"Looking for a way to make your student life more exciting? 🌟

🎓ABBA is more than just a student association, it’s a community where you can learn, grow, and have fun along the way. From debates, embassy visits and panel discussions to cultural workshops and social events, we bring together curious minds from all over the world.

Becoming a member means gaining access to all our events, meeting amazing people, and being part of something that truly makes your university years unforgettable. 💙✨ 

The best part? We are accepting members all year round! We can't wait to welcome you into ABBA!🫶

👉 Apply now via the link in our bio!","3","https://scontent-mxp2-1.cdninstagram.com/v/t51.82787-15/539773032_17969651342948578_1369493288133455956_n.jpg?stp=dst-jpg_e35_p1080x1080_sh2.08_tt6&_nc_ht=scontent-mxp2-1.cdninstagram.com&_nc_cat=110&_nc_oc=Q6cZ2gE2vwcdtIL832tfW8ucSbJj1TNzbwdkpqG_oZabnsy7CfNTfWnZVEUmgnHK0oKvgZ0&_nc_ohc=seyNhlvEqd0Q7kNvwE9_UxD&_nc_gid=0ohXkBrQ-nJ38MzGz7SLxg&edm=ADp7STQBAAAA&ccb=7-5&oh=00_AQDPZOYtBIg0czJUc4tHcOQNnpkpaycaFbLQ7xeQvaLowg&oe=6A6D5637&_nc_sid=c6f216","Life-changing experience 🔥😍",,,,,,,,"https://www.instagram.com/abba.association.leiden/","false","true","29",,"feed","2025-09-02T14:05:29.000Z","Image","https://www.instagram.com/p/DOGxVeggvIS/",
"🌞✨ Cultural Festival: Summer Nostalgia 🌿

Come experience the ABBA community through food, culture, and summer memories 💛

This year, we’re bringing you “Summer at your grandma’s place” — a theme full of homemade dishes, traditions, and warm nostalgia from across the ABBA region 🌸

🍽️ Taste delicious food from different ABBA countries
💃 Enjoy cultural activities, games & good vibes
👥 Meet new people and celebrate together

✨ And the night doesn’t end there…
🍹 Join us for drinks & afterparty at MingleMush

📅 May 8
📍 Beehive Common Room (Spui) & MingleMush

🕔 17:15–19:30 – Cultural Festival
🍸 19:45–22:00 – Afterparty

✨ Tickets: 8€ for non-members, 6€ for members 

👉 Sign up via the link in bio!","1","https://instagram.frix7-1.fna.fbcdn.net/v/t51.82787-15/681928994_17996736584948578_6637267065520439423_n.jpg?stp=dst-jpg_e35_tt6&_nc_cat=110&ig_cache_key=Mzg4NTM3ODAxMTkxMDAyNDExMA%3D%3D.3-ccb7-5&ccb=7-5&_nc_sid=58cdad&efg=eyJ2ZW5jb2RlX3RhZyI6IkNBUk9VU0VMX0lURU0ueHBpZHMuMTA4MC5zZHIucmVndWxhcl9waG90by5DMyJ9&_nc_ohc=D7CDV_wCBn4Q7kNvwFm-Mtz&_nc_oc=AdovqcULTN1mEfV1PmL-oRbN_NLPMjP5KErZZFl3eF-2wX4SiwFIfwx3-D8-xcNgGDo&_nc_zt=23&_nc_ht=instagram.frix7-1.fna&_nc_gid=_RPGkQXmMqP0C076RcYZXw&_nc_ss=72689&oh=00_AQDlvfoDSlCH36qV-nfvyLjpHjb0LJDgnIRJSg6CuiYc5g&oe=6A6D2ED9","😍😍😍",,,,,,,,"https://www.instagram.com/abba.association.leiden/","false",,"72",,"carousel_container","2026-04-28T16:19:48.000Z","Sidecar","https://www.instagram.com/p/DXrotLfAsLt/",
"🔎 ABBA Student Association is excited to invite you to our Martenitsa & Mărțisor Workshop — a celebration of spring in Eastern European style!

❓What exactly does that mean? You will have the opportunity to learn about the beautiful red and white bracelet tradition celebrated on March 1st in Bulgaria, Romania, and beyond — and make your own while exchanging legends and stories about its origins!

📆 Friday, 27 February
⏰ 17:15–19:15
📍 Room 2.58, Wijnhaven Campus

🌸 Join us for a cozy evening of creativity, culture, and connection!

Sounds fun? Then make sure to sign up and celebrate the arrival of spring with us ❤️🤍✨

💰 €2 ABBA members
💰 €3 non-members

✨ Spots are limited! Sign up via the link in our bio!","0","https://scontent-ams2-1.cdninstagram.com/v/t51.82787-15/639887589_17988567272948578_597707944135732171_n.jpg?stp=dst-jpg_e35_p1080x1080_sh2.08_tt6&_nc_ht=scontent-ams2-1.cdninstagram.com&_nc_cat=110&_nc_oc=Q6cZ2gE-wNRc0OUgJjJBs5LaeTCPg1EUmXVlYBiHGdOvvLJ7MLxgonOO0ZRTNOqQQ61xVQs&_nc_ohc=4XlIxIPLzP8Q7kNvwE8DKAR&_nc_gid=A9h8JqyspWPk-BeqiXF7Dg&edm=ADp7STQBAAAA&ccb=7-5&oh=00_AQDI3_NnbDPtNOPkpWH6zVqje3ei7Ww7ScNJyMjJjJiTyQ&oe=6A6D3672&_nc_sid=c6f216","",,,,,,,,"https://www.instagram.com/abba.association.leiden/","false",,"-1",,"feed","2026-02-23T17:14:29.000Z","Image","https://www.instagram.com/p/DVG8FwpghpS/",
"🥟✨ Polish Cooking Workshop

Join us for a cozy cooking session where you’ll:
👩‍🍳 Learn to make pierogi ruskie (potato & cottage cheese)
🥟 Try pierogi leniwe (lazy dumplings)

💛 Cook, taste, and enjoy together

📅 Monday, April 13
⏰ 17:15–19:30
📍 Beehive Common Room

💰 €3 members | €5 non-members
👥 Limited spots! Sign up via the link in our bio!

✨ Come hungry & leave happy!","0","https://instagram.fpoz6-1.fna.fbcdn.net/v/t51.82787-15/659809969_17994147332948578_3938509917379976612_n.jpg?stp=dst-jpg_e35_p1080x1080_sh2.08_tt6&_nc_ht=instagram.fpoz6-1.fna.fbcdn.net&_nc_cat=110&_nc_oc=Q6cZ2gGPmdR4BZ7ySqIvNx5ojDkIlgnrIT5-wYhWvlZM6UUHDQEt5MyidgJy_FSpD0G_7rw&_nc_ohc=jGmnVyzqYBsQ7kNvwGtokYa&_nc_gid=8gcjKz5CADJ8k22p4li1lQ&edm=ADp7STQBAAAA&ccb=7-5&oh=00_AQDH2QjnOtJ-VbFoq8O7IEYvhxo5z7S2d1ZYC60lsbOxZA&oe=6A6D3927&_nc_sid=c6f216","",,,,,,,,"https://www.instagram.com/abba.association.leiden/","false",,"33",,"feed","2026-04-07T17:41:13.000Z","Image","https://www.instagram.com/p/DW1tVJMAuvI/",
"✨ Leiden University and ABBA invite you to explore student life during wartime through film and discussion.

Years into Russia’s full-scale invasion, Ukrainian universities and students continue to live, study, and teach under extraordinary circumstances. Education has persisted through air raids, displacement, power cuts, and the emotional weight of war. At the same time, universities have become spaces of civic resilience and innovation, adapting to hybrid education while maintaining academic standards and supporting students and communities.

🎬The event features a screening of a student film by Tobias de Saint Laurent, based on interviews with five students in Ukraine, followed by a panel discussion with Ukrainian voices and policy experts. The panel will explore daily realities, support systems, future reconstruction, and the broader meaning of education in times of war.

💬 We’ll explore daily realities, support systems, reconstruction, and the meaning of education in times of war.

📆 Wednesday, 4th of February
⏰  18:00–19:30
📍 Room 3.48, Leiden University Wijnhaven, Turfmarkt 99, The Hague

Are you curious to learn more? Sign up via the link in our bio and see you there!","3","https://scontent-cdg4-1.cdninstagram.com/v/t51.82787-15/623539627_17985825290948578_3836465138409032314_n.jpg?stp=dst-jpg_e35_tt6&_nc_cat=104&ig_cache_key=MzgyMDcwODI2NTY3NTg3Njc1Ng%3D%3D.3-ccb7-5&ccb=7-5&_nc_sid=58cdad&efg=eyJ2ZW5jb2RlX3RhZyI6IkNBUk9VU0VMX0lURU0ueHBpZHMuMTA4MC5zZHIucmVndWxhcl9waG90by5DMyJ9&_nc_ohc=lcOL5-HKpj0Q7kNvwHAeDvr&_nc_oc=AdqDmzK9yoQ2smGmEyfIB7yUa7gNoI4z54EpNZZsa2QzCO7bWWAQMn23wj_bidk349g&_nc_zt=23&_nc_ht=scontent-cdg4-1.cdninstagram.com&_nc_gid=hADy1rdrS8YbexjvbmK17Q&_nc_ss=7ea8c&oh=00_AQBAzPvFPQqqpwZ4BoJr5fK9IWikQVkl_fIbSuR_wB-_8w&oe=6A6D39DD","Thank you for your work and keep talking about Ukraine to the world 💙💛",,,,,,,,"https://www.instagram.com/abba.association.leiden/","false",,"99",,"carousel_container","2026-01-29T11:01:19.000Z","Sidecar","https://www.instagram.com/p/DUF5grOAkA0/",
"🎄 Join ABBA for a Christmas Sip’n’Paint!

🎨 Paint a festive canvas while sipping hot chocolate, munching on gingerbread, and getting into the holiday spirit with fellow ABBA members and friends. 

Whether you’re an artist or just looking for a cosy creative evening, this is your chance to unwind before the exam season!

📆 Tuesday, 9 December
⏰ 18:00 -
📍Beehive Common Room

👥 Places are limited! Sign up via the link in our bio!

🎟️ ABBA Members: €2, Non-members: €4","0","https://instagram.fbrs4-2.fna.fbcdn.net/v/t51.82787-15/589325371_17979969239948578_6490563437626211872_n.jpg?stp=dst-jpg_e35_p1080x1080_sh2.08_tt6&_nc_ht=instagram.fbrs4-2.fna.fbcdn.net&_nc_cat=110&_nc_oc=Q6cZ2gHCfnYHpETMKZsNo-K2KpnEHgHw9-pHNc6HQVUalGPuQDYrk-WdFu9aBmDOwgO2QqA&_nc_ohc=rfJZcQuLgmsQ7kNvwE7tFAW&_nc_gid=AOVPNWkySc8LqaqBfhqLEw&edm=ADp7STQBAAAA&ccb=7-5&oh=00_AQB7JZ48jKhEo5S2V8vAEUf90YbG7B33YarYDabgwBWLKw&oe=6A6D479E&_nc_sid=c6f216","",,,,,,,,"https://www.instagram.com/abba.association.leiden/","false",,"-1",,"feed","2025-12-05T16:05:00.000Z","Image","https://www.instagram.com/p/DR40mfjApXA/",
"For 4,5 years now Ukrainians have been experiencing sleepless nights due to the russian drone and missile attacks.

 Every night you’re going to bed without knowing whether you’ll wake up on the next morning or whether you’ll end up under the rubble, trying to survive until the rescuers arrive. In many regions such as Kharkiv, Dnipro, Sumy, Zaporizhzhia, Odesa, Donetsk, and Kyiv you might hear explosions even before the air raid alert starts. 
With ballistic missiles reaching hypersonic speed, Ukrainians living less than 400 km away from the border usually have 1-2 minutes to react. Therefore, for the majority going to the shelter might not be an option, especially given that the closest shelter can be 20-30 minutes away from your house. 

In the end of the video you can see a residential building that was directly hit by a russian missile, burying its residents under the rubble. Chances of survival in those cases are nearing zero… Only in June itself at least 265 civilians were κιlleძ and 1816 were injured (United24 Media, 2026).

How you can help? 

Supporting Ukraine’s Air Defense Force is the only way to defend Ukrainian civilians from daily russian τerrοr! Ukraine needs drone and missile interceptors to prevent civilian ძeαtჩs! #abba #leidenuniversity #ukraine #russiaisaterroriststate #ukraineneedsairdefense","2","https://instagram.fflr2-1.fna.fbcdn.net/v/t51.82787-15/750785263_18008279615948578_88510096609736563_n.jpg?stp=dst-jpg_e15_tt6&_nc_ht=instagram.fflr2-1.fna.fbcdn.net&_nc_cat=110&_nc_oc=Q6cZ2gHmQeTQRCBscRSAiJorIwSqNqdcIeTUGNen1HBMPHm-siuhSPQIxi50kDn0l8RHE78&_nc_ohc=WU-vLZtcBxoQ7kNvwHzoaMM&_nc_gid=E_DvoznYFjhvaiec7Y7XHQ&edm=ADp7STQBAAAA&ccb=7-5&oh=00_AQDCdz5O9KjB0qpg84musep3C7R_MpQX9AZ7S4eg99HSbA&oe=6A6D46B0&_nc_sid=c6f216","😢😢😢","abba","leidenuniversity","ukraine","russiaisaterroriststate","ukraineneedsairdefense",,,"https://www.instagram.com/abba.association.leiden/","false",,"208",,"clips","2026-07-20T09:52:50.000Z","Video","https://www.instagram.com/p/DbAp_YXCH2x/","4297"
"🥳  Introducing Nadia, Aidar, Alexa, Natalia, Cosmin, Kasia and Kseniia, our new ABBA Board for the academic year 2025/2026!

🤞We are all really excited for all the upcoming events, and believe us, there are plenty! Stay tuned!

#ABBA #newboard #studentlife #denhaag #studyinthehague #leidenuniversity","9","https://instagram.fsyd7-1.fna.fbcdn.net/v/t51.82787-15/542829909_17970222905948578_2286825941377359673_n.jpg?stp=dst-jpg_e35_tt6&_nc_cat=105&_nc_map=urlgen_bucketless&ig_cache_key=MzcxNTgzNTYwMjMyNzk4NTYwOA%3D%3D.3-ccb7-5&ccb=7-5&_nc_sid=58cdad&efg=eyJ2ZW5jb2RlX3RhZyI6IkNBUk9VU0VMX0lURU0ueHBpZHMuMTA4MC5zZHIucmVndWxhcl9waG90by5DMyJ9&_nc_ohc=Jkg5gW9dX94Q7kNvwHTYhCf&_nc_oc=AdoJ_Y51n6FRaUNeeKWHxaQEKlZx9e34hbTc_AQQ-zPy8ENZr4FqwovrRwTr4wDvYIM&_nc_zt=23&_nc_ht=instagram.fsyd7-1.fna&_nc_gid=3EZvunNNPyJCd8QT5BsNNg&_nc_ss=72a8c&oh=00_AQBFn2hMgVUMGdijqyHfI1BLMyTpQ4dxynJ0yV7wS9Ef1Q&oe=6A6D4B49","Love this intros 😍","ABBA","newboard","studentlife","denhaag","studyinthehague","leidenuniversity",,"https://www.instagram.com/abba.association.leiden/","false","true","191",,"carousel_container","2025-09-06T18:09:06.000Z","Sidecar","https://www.instagram.com/p/DORTM_PAu0U/",
"🗣️ Join us for a discussion with nuclear physicists and policy experts to reflect on the future of nuclear politics.

🗓️ Tuesday, 24 February 2026 
🕕 18:00-19:30
📍 Room 2.02, Leiden University Wijnhaven Campus, Turfmarkt 99, The Hague

✍️ Register via link in bio","3","https://scontent-cdg4-1.cdninstagram.com/v/t51.71878-15/639727614_1227225969077361_99967614088072330_n.jpg?stp=dst-jpg_e15_tt6&_nc_cat=108&ig_cache_key=MzgzNjc3NTkxMzA0ODE1NDQzNg%3D%3D.3-ccb7-5&ccb=7-5&_nc_sid=58cdad&efg=eyJ2ZW5jb2RlX3RhZyI6IkNMSVBTLnhwaWRzLjY0MC5zZHIudmlkZW9fbmZyYW1lX2NvdmVyX2ZyYW1lLkMzIn0%3D&_nc_ohc=qD_o4RuU9BsQ7kNvwF4M7pk&_nc_oc=AdrmVFStOVYIoYPs3AgKW9Zg3hKYcuoOVOpfT-Nc1aLNG0RQz-1V_UEvJr5fUjMs3dY&_nc_zt=23&_nc_ht=scontent-cdg4-1.cdninstagram.com&_nc_gid=DFOgmhRapVIWILkslfquCw&_nc_ss=7ca8c&oh=00_AQA0W-GkezuPIc-AZLJh5x4Vz0CLW0JT4NselEqmKMzY1w&oe=6A6D3069","❗️❗️❗️",,,,,,,,"https://www.instagram.com/abba.association.leiden/","false",,"-1","Leiden University - Faculty of Governance and Global Affairs","clips","2026-02-20T14:58:30.000Z","Video","https://www.instagram.com/p/DU-911kAqFE/",
"ABBA Student Association is excited to invite you to celebrate Valentine’s Day with us, in an Eastern European style borrel!❤️‍🔥

❓What exactly does that mean? You will have the opportunity to learn about Valentine’s Day romantic traditions in our region, and meet amazing people!

💐Love might just be in the air, who knows? Join us and find out more about our wonderful region and make some new friends!

✨ Come and experience romance, the Eastern European way!

📅 Wednesday, 18th February
🕔 18:00 - 21:30
📍 Foodhall MingleMush (Anna van Buerenplein 712, 2595 DK Den Haag)

👥 Sign up via the link in our bio!","0","https://scontent-yyz1-1.cdninstagram.com/v/t51.82787-15/627856127_17987420270948578_6027658556449987255_n.jpg?stp=dst-jpg_e35_p1080x1080_sh2.08_tt6&_nc_ht=scontent-yyz1-1.cdninstagram.com&_nc_cat=110&_nc_oc=Q6cZ2gG1KmvIppbdUN9VDE3P965Ps_w5OQE4lbDGGTyKnvse0gJYhVSuLlYypjm3lwzDUmk&_nc_ohc=8SeCN4XK30sQ7kNvwHxb1k3&_nc_gid=F23a8F7Fe_5GypYl_7MUdA&edm=ADp7STQBAAAA&ccb=7-5&oh=00_AQB4DSGjr2Mw_6YSo48BuzCodC0MtTgyS8w6rM5wkgFCqg&oe=6A6D37B1&_nc_sid=c6f216","",,,,,,,,"https://www.instagram.com/abba.association.leiden/","false",,"-1",,"feed","2026-02-13T16:09:39.000Z","Image","https://www.instagram.com/p/DUtEuIzglr_/",
"‼️This event is already full!

🇲🇩 The ABBA Student Association warmly invites you to an exclusive visit to the Embassy of the Republic of Moldova!

🏛️ Discover the fascinating world of diplomacy, meet Moldovan diplomats, and gain unique insights into Moldova’s international relations.

⚠️ Spots are limited — don’t miss your chance to step inside the embassy and experience diplomacy up close.

✨ Get ready, bring your curiosity, and prepare your best questions for the Moldovan diplomats! 

📆 Thursday, 13 November
⏰ Meet up in front of the embassy at 14:45
📍 Embassy of the Republic of Moldova, Bezuidenhoutseweg 117, 2594 AD Den Haag 
 
👔 The dress code for this event is formal! Please come dressed adequately!
 
🛂 To participate, please bring a valid ID or passport!","0","https://instagram.fyyc2-1.fna.fbcdn.net/v/t51.82787-15/575613331_17976954881948578_8946159165066752871_n.jpg?stp=dst-jpg_e35_p1080x1080_sh2.08_tt6&_nc_ht=instagram.fyyc2-1.fna.fbcdn.net&_nc_cat=110&_nc_oc=Q6cZ2gGnaxzv6KL4J7DydY9Gr0hPAsCTTYNyNsFILEeDRPmtoWMbG9LZgeD4UeL6NBLIsO0&_nc_ohc=fjPDdleeo-EQ7kNvwEcyint&_nc_gid=R3grYl2z6lKVCKNq1ZVi_Q&edm=ADp7STQBAAAA&ccb=7-5&oh=00_AQDMf8O1iGWeiq5Ft5kieuwLZlI6PViy4HLXM7vKDmR42A&oe=6A6D37E1&_nc_sid=c6f216","",,,,,,,,"https://www.instagram.com/abba.association.leiden/","false",,"51",,"feed","2025-11-05T16:20:00.000Z","Image","https://www.instagram.com/p/DQrmhFYAjvQ/",
"‼️This event is exclusively for ABBA members (and their +1)!

🎙️ Join us for the 2nd ABBA Student Association General Assembly of the academic year! We invite all members to join us for an open meeting to see ABBA’s achievements and goals for this year and to celebrate ABBA’s 3rd anniversary!

🔎 We’ll look back at the events we have hosted so far, share updates on upcoming projects and events and our goals for the rest of the year.

❓Attendance is very much encouraged, so sign up via the link in our bio!

📆 Wednesday, 4 March
⏰ 17:15 - 18:15 General Assembly
⏰ 18:15 - 21:00 ABBA Anniversary 
📍 Beehive Common Room

🫵 Come and celebrate ABBA’s birthday with us!","2","https://scontent-waw2-1.cdninstagram.com/v/t51.82787-15/642633809_17989002236948578_7101978022707491458_n.jpg?stp=dst-jpg_e35_p1080x1080_sh2.08_tt6&_nc_ht=scontent-waw2-1.cdninstagram.com&_nc_cat=110&_nc_oc=Q6cZ2gFn1nn_5mKcvpch2Y22D8eOW-UccLZ08Fro8QH3WbEVyJccw7zlpIB7CJOwD6MdIVs&_nc_ohc=HUrdtAqRZogQ7kNvwH7NIJM&_nc_gid=IUH18hSj4nrjj-Z6BgNzVQ&edm=ADp7STQBAAAA&ccb=7-5&oh=00_AQBm-kp6ETrNyGC5iVlzhSAj0LrUhcQIlbCMJ6Q1V3F2Cg&oe=6A6D56E2&_nc_sid=c6f216","",,,,,,,,"https://www.instagram.com/abba.association.leiden/","false",,"-1",,"feed","2026-02-27T13:41:19.000Z","Image","https://www.instagram.com/p/DVQ2371AoJW/",
"The ABBA Student Association warmly invites you to an exclusive visit to the Kosovo Specialist Chambers in The Hague!

During this visit, students will gain insight into the work of the court, its mandate and its role in prosecuting serious international crimes. Participants will also learn more about the broader context of international criminal law and transitional justice. 

⚠️ Spots are limited — don’t miss your chance! 

📆 Wednesday, 18 March
⏰ 10:15 -
📍 Kosovo Specialist Chambers, Raamweg 47, 2596 HN Den Haag 

 👔 The dress code for this event is formal! Please come dressed adequately!

 🛂 To participate, please bring a valid ID or passport!

Make sure to sign up via the link in our bio!","0","https://instagram.fsjp12-1.fna.fbcdn.net/v/t51.82787-15/649238069_17990370359948578_8592969015469320679_n.jpg?stp=dst-jpg_e35_p1080x1080_sh2.08_tt6&_nc_ht=instagram.fsjp12-1.fna.fbcdn.net&_nc_cat=110&_nc_oc=Q6cZ2gGO5HwjMMM2DSQtAIV3BuV2oAv4V61-cTaGSMK6ILgX-DJ9BTNoPCngECtcOAtMLhM&_nc_ohc=ssZSdbkc6qcQ7kNvwGKBGSH&_nc_gid=dWe5warRuTq2627f8av6Sg&edm=ADp7STQBAAAA&ccb=7-5&oh=00_AQC6avY15pKbBFztmqD--i7RT8BngJ9_xjqf-Ztg5LM1RQ&oe=6A6D409A&_nc_sid=c6f216","",,,,,,,,"https://www.instagram.com/abba.association.leiden/","false",,"30",,"feed","2026-03-10T12:19:39.000Z","Image","https://www.instagram.com/p/DVtCRdGgsiU/",
"ROOM CHANGE: The event will take place in Room 3.46!

✨ How do we compensate war victims, not in theory, but in real life?

ABBA Student Association invites you to a powerful and deeply relevant discussion:
“How to Compensate Victims: From Theory to Practice.”

Every conflict leaves behind people whose lives have been irreversibly changed. Some lose homes. Others lose family members. Many lose the sense of justice that societies are built upon.

👉 But what does justice actually mean for victims of war?
👉 Who is responsible for recognizing their suffering?
👉 And most importantly: how can compensation happen fairly, practically, and in accordance with international law?

📆 Friday, 28th November
⏰  17:30–19:00
📍 Room 3.46, Leiden University Wijnhaven, Turfmarkt 99, The Hague

Join us for a transformative lecture on one of the most urgent questions in contemporary international justice!

Sign up using the link in our bio!","2","https://scontent-lhr6-1.cdninstagram.com/v/t51.82787-15/582437172_17978354789948578_56934562684945307_n.jpg?stp=dst-jpg_e35_tt6&_nc_cat=108&ig_cache_key=Mzc2OTQ3MDg4NzkyNjA1NTgzMg%3D%3D.3-ccb7-5&ccb=7-5&_nc_sid=58cdad&efg=eyJ2ZW5jb2RlX3RhZyI6IkNBUk9VU0VMX0lURU0ueHBpZHMuMTA4MC5zZHIucmVndWxhcl9waG90by5DMyJ9&_nc_ohc=jdQkHYi6b4sQ7kNvwFaEgsd&_nc_oc=AdoXsq6qcfl91_ZE5lV5lBZuwYZKrprAnkzyh9KuhuR5sK5LJHVysrbz5cAtA8Ave_0&_nc_zt=23&_nc_ht=scontent-lhr6-1.cdninstagram.com&_nc_gid=_EwdCDztrBb2WKBM95YEDw&_nc_ss=72289&oh=00_AQALe6x2OmaYZbTfFnGb9hU6BGMdxMwH-46JpAB-0dcy0w&oe=6A6D3260","🔥🔥 🔥",,,,,,,,"https://www.instagram.com/abba.association.leiden/","false",,"70",,"carousel_container","2025-11-19T18:12:51.000Z","Sidecar","https://www.instagram.com/p/DRP2dKYAoW_/",
"❄️ Join us for this semester’s Cultural Festival: Winter Feast, where our cultures come together through food, dance, and an amazing time! We will be trying out amazing dishes, testing our knowledge via fun quizzes, and dancing the afternoon away!

⛄This is more than just a festival; it’s a chance to reconnect and bond through both our differences and similarities in our cultures. Whether you’re a foodie, a culture nerd, have awesome moves, or just looking for a fun evening with friends, this is the place to be! 

✨ Come experience the ABBA community at its finest!

📅 Friday, 14th of November
 🕔 17:00–20:30
📍 Beehive Common Room
 Turfmarkt 104, The Hague

👥 Sign up via the link in our bio!
🎟️ ABBA Members:  6€, non-members: 8€","0","https://scontent-ber1-1.cdninstagram.com/v/t51.82787-15/571854693_17976779342948578_8579201346206306370_n.jpg?stp=dst-jpg_e35_tt6&_nc_cat=108&ig_cache_key=Mzc1Nzc3NzU3MTM3MTIxMzk0Ng%3D%3D.3-ccb7-5&ccb=7-5&_nc_sid=58cdad&efg=eyJ2ZW5jb2RlX3RhZyI6IkNBUk9VU0VMX0lURU0ueHBpZHMuMTA4MC5zZHIucmVndWxhcl9waG90by5DMyJ9&_nc_ohc=i-PgidKQidAQ7kNvwE4acsq&_nc_oc=Adq3pieFvQv5_X-4cLmxRT7MMTXUaMRCNhR3tkhd6HmuLTNGx-S5SGs_-5oeerVumDA&_nc_zt=23&_nc_ht=scontent-ber1-1.cdninstagram.com&_nc_gid=znBXjitA6xzg30EFU0QA4w&_nc_ss=72289&oh=00_AQCHesBsPuTva2FlMChx10E98kp_4R6kYqLkEy2yY6Ud6w&oe=6A6D4D3C","",,,,,,,,"https://www.instagram.com/abba.association.leiden/","false",,"100",,"carousel_container","2025-11-03T15:00:19.000Z","Sidecar","https://www.instagram.com/p/DQmTtE8ggo4/",
"Still unsure about joining our Monday event ”Community Responses in Times of Crisis”? This is your 👉 chance to sign up now!

Join ABBA and Come Back Alive Foundation for an insightful conversation with experts: Zoia Krasovska and Alla Solod. We will explore how societies respond to crises and disruption. Do not worry - you will also have time to ask your questions!

📅 Monday, May 18th
🕠 17:30–19:00
📍 Room 4B.56, Spui Campus, Leiden University, The Hague
🔗 Sign up via link in our bio!

#abbaassociation #ukraine #community #resilience","0","https://instagram.frtm1-2.fna.fbcdn.net/v/t51.71878-15/656225684_789587740757943_7925819801992212371_n.jpg?stp=dst-jpg_e15_tt6&_nc_ht=instagram.frtm1-2.fna.fbcdn.net&_nc_cat=103&_nc_oc=Q6cZ2gGvH3XhYuSW4LEt78w9yE2TYgvauM-Gdq2vSwic7oSSH8dVqu9uJhKKJTFim4FYLGU&_nc_ohc=z5ELi2fQRiUQ7kNvwHefR71&_nc_gid=QXZ75BeUAKijG-twkJ_6tw&edm=ADp7STQBAAAA&ccb=7-5&oh=00_AQCV39ojAifEMQ_CykobjDOr3X36Uk5r-1ymfgwTFBB4cQ&oe=6A6D53ED&_nc_sid=c6f216","","abbaassociation","ukraine","community","resilience",,,,"https://www.instagram.com/abba.association.leiden/","false",,"30",,"clips","2026-05-17T10:42:33.000Z","Video","https://www.instagram.com/p/DYb8TaliRyU/","1585"
"*Typo in the design: the event is on TUESDAY, 21st of April*

Join us for an impactful and human-centered discussion at the “Education & Psychological Well-being of Ukrainian Refugees” panel 💙💛

This event brings together personal stories and expert insights to explore the challenges, resilience, and lived experiences of Ukrainian refugees in the Netherlands, with a focus on education and mental health.

❓ What to expect:
• Real-life experiences of displacement and adaptation
• Insights on stress, resilience, and psychological well-being
• An open and empathetic dialogue within the academic community

🎙️ Featuring:
• Viktoriia Vovk – Psychologist and refugee
• Rashid Dossett – Anthropologist
• Moderated by Sofia Bezkorovaina

📅 Tuesday, April 21st
⏰ 17:00–19:00 
📍 Room 3B.38, Spui Campus

Be part of an important conversation that fosters empathy, awareness, and understanding.

👉 Sign up via the link in bio!","4","https://scontent-syd2-1.cdninstagram.com/v/t51.82787-15/671209664_17995074017948578_9019207816901693748_n.jpg?stp=dst-jpg_e35_tt6&_nc_cat=111&ig_cache_key=Mzg3NTg4OTUyNjYxNDQwNTAyNw%3D%3D.3-ccb7-5&ccb=7-5&_nc_sid=58cdad&efg=eyJ2ZW5jb2RlX3RhZyI6IkNBUk9VU0VMX0lURU0ueHBpZHMuMTA4MC5zZHIucmVndWxhcl9waG90by5DMyJ9&_nc_ohc=wmvUO1dkLlUQ7kNvwGm4cbk&_nc_oc=AdrqdroGR4jnAlRAuKWNb4Y-s6AUzJ_mmID1EheEA6sNA4g0VD7-8fSEBtbKW2Ox9cw&_nc_zt=23&_nc_ht=scontent-syd2-1.cdninstagram.com&_nc_gid=HxCXYxFaVidn--8GYS3KeQ&_nc_ss=72a8c&oh=00_AQDYNqel91C30CdfYCw3rbTKyLNfKnbV9rwqrHudV5vUCA&oe=6A6D2C1F","🔥",,,,,,,,"https://www.instagram.com/abba.association.leiden/","false",,"84",,"carousel_container","2026-04-15T14:30:00.000Z","Sidecar","https://www.instagram.com/p/DXJ94yNgto8/",
"🔎Join us at the ABBA Sustainable Peace and Security Conference 2026, a dynamic student-led event at Leiden University in The Hague, bringing together diplomats, policymakers, academics, and students to discuss the most pressing security challenges in Central and Eastern Europe. With high-level speakers from embassies, ministries, and international institutions, the conference offers a unique opportunity to engage with real-world policy debates, gain insights from experts, and connect with a diverse international audience.

❓The event will feature two main panels and interactive workshops. Panel 1, “Beyond Arms: Hybrid Warfare in Central and Eastern Europe”, will explore the evolving nature of hybrid threats, including disinformation, political interference, cyber operations, and other non-conventional tools used to destabilize democratic institutions. Panel 2, “Accountability and Enforcement: Does International Law Work in Practice?”, will focus on the effectiveness of international legal mechanisms in addressing violations of international law, particularly in the context of conflict and security crises.

🎟️The conference aims to foster dialogue between academia and policy institutions.

🎙️Speakers will include: 
Andriy Kostin - Ambassador of Ukraine to the Netherlands;
Paul Teesalu - Ambassador of Estonia to the Netherlands;
Mostafa Hilali - Lieutenant Colonel in the Royal Netherlands Army, representative of the Ministry of Defense in the Netherlands;
Mindaugas Žičkus - Chargé d’Affaires ad Interim of Lithuania in the Netherlands

More speakers to be announced soon!

📅 Saturday, April 18th
 🕔 10:30-19:00
📍 Room 1B.12, Leiden University Spuigebouw, Spui 5, The Hague

👥 Limited spots available! Sign up via the link in our bio!","1","https://instagram.flil1-1.fna.fbcdn.net/v/t51.82787-15/658176274_17994224567948578_7208810036874225785_n.jpg?stp=dst-jpg_e35_tt6&_nc_cat=110&ig_cache_key=Mzg3MDcyNTU3OTMwNTMxNTM1NA%3D%3D.3-ccb7-5&ccb=7-5&_nc_sid=58cdad&efg=eyJ2ZW5jb2RlX3RhZyI6IkNBUk9VU0VMX0lURU0ueHBpZHMuMTA4MC5zZHIucmVndWxhcl9waG90by5DMyJ9&_nc_ohc=bZH8a1zgAi4Q7kNvwHWAt35&_nc_oc=AdoEtzRPLpB19EEec81D5vIoE2HmqKF9wkAprCadDjcXJ68Qmt2lUv4AJ102fEk9Kcg&_nc_zt=23&_nc_ht=instagram.flil1-1.fna&_nc_gid=x8gB2aW8cgO03Crp3PWQ0A&_nc_ss=7ca8c&oh=00_AQBuunFWSKBp2_I-GpFNhS8-OBObEjQQ9BFtIm3rYeCX3A&oe=6A6D353C","🔥🔥🔥",,,,,,,,"https://www.instagram.com/abba.association.leiden/","false",,"61",,"carousel_container","2026-04-08T11:07:51.000Z","Sidecar","https://www.instagram.com/p/DW3lG-XAryS/",
"🇵🇱 The ABBA Student Association warmly invites you to an exclusive visit to the Embassy of the Republic of Poland! 

🏛️ Step into the world of diplomacy, meet Polish diplomats, and gain unique insights into Poland’s role in international relations, European affairs, and global cooperation. This visit offers a valuable opportunity to learn firsthand how diplomacy works in practice and to engage in meaningful discussions in an international setting.

⚠️ Spots are limited — don’t miss your chance to step inside the embassy and experience diplomacy up close.

📅 Wednesday, February 11th 
⏰ Meeting time: 11:45
📍 Embassy of the Republic of Poland, Alexanderstraat 25, 2514 JM Den Haag 

👔 The dress code for this event is formal! Please come dressed adequately!

🛂 To participate, please bring a valid ID or passport.

🔗 Sign up via the link in our bio!

✨ Get ready, bring your curiosity, and prepare your best questions for the Polish diplomats!","0","https://instagram.fbne12-1.fna.fbcdn.net/v/t51.82787-15/626943115_17986590947948578_2799097460228251261_n.jpg?stp=dst-jpg_e35_p1080x1080_sh2.08_tt6&_nc_ht=instagram.fbne12-1.fna.fbcdn.net&_nc_cat=110&_nc_oc=Q6cZ2gEhgpKYFjjUTQU4ppHTJIihZleFgENduRbz7nF19vBQaT1PbXo2N2goYY3dQXQh2WE&_nc_ohc=lIDvoCphth4Q7kNvwEXTL6I&_nc_gid=6F9b08es9Hql1wSjAUiv_g&edm=ADp7STQBAAAA&ccb=7-5&oh=00_AQBh3W0s_0dLmEeB6dx4PKPj6T705LQCSsra9mbblzWLyg&oe=6A6D4482&_nc_sid=c6f216","",,,,,,,,"https://www.instagram.com/abba.association.leiden/","false",,"-1",,"feed","2026-02-05T17:36:56.000Z","Image","https://www.instagram.com/p/DUYoOIDAuOh/",
"🇵🇱Ever been curious about what labor migration is, and what challenges it brings? If so, ABBA Student Association, in collaboration with The Hague Polish Society, is organizing the perfect event for you to learn more about this topic!

📚Bringing together experts from academia, public administration, and civil society, we will explore the complex realities of labour mobility in Europe. The event aims to provide a platform for dialogue between practitioners, scholars, and students, highlighting both the historical background and the current challenges of migration and workers’ rights in the European context.

💡Join us to discuss and learn about the economic, social, and political dimensions of labour migration!

📅 Wednesday, November 19th
 🕔 19:15 - 21:15
📍 Wijnhaven, Room 3.60, Turfmarkt 99, 2511 DP Den Haag

👥 Limited spots available! Sign up via the link in our bio!","1","https://scontent-fco2-1.cdninstagram.com/v/t51.82787-15/583109226_17977704944948578_3753837120487590473_n.jpg?stp=dst-jpg_e35_tt6&_nc_cat=103&ig_cache_key=Mzc2NDU0NzE2Njg3MDM0Njk1Mg%3D%3D.3-ccb7-5&ccb=7-5&_nc_sid=58cdad&efg=eyJ2ZW5jb2RlX3RhZyI6IkNBUk9VU0VMX0lURU0ueHBpZHMuMTA4MC5zZHIucmVndWxhcl9waG90by5DMyJ9&_nc_ohc=BCy6Sz77dCcQ7kNvwExZdzm&_nc_oc=AdojXQzMHb7YidHFlEF6S33tO11Z6F5mxqrlRb2bVmzTjkDpB0ztlj7IrtBKPnJJvh8&_nc_zt=23&_nc_ht=scontent-fco2-1.cdninstagram.com&_nc_gid=g-WgGDqIryrJJT2SMfN_UA&_nc_ss=7ca8c&oh=00_AQAjQSLqrbSJa9NCafxZTkr_2Id9blTXrZaoONFr1s3uMA&oe=6A6D3754","relevant topic 🙏",,,,,,,,"https://www.instagram.com/abba.association.leiden/","false",,"71",,"carousel_container","2025-11-13T17:00:00.000Z","Sidecar","https://www.instagram.com/p/DRARYcQAhVV/",
"🎲 This Friday, we’re swapping essays for board games.

Join fellow ABBA members for a fun evening of games, laughs, and good company - the perfect end of the exam week 🃏✨

🔒 ABBA members only

📆 Friday, 27 March 
⏰ 17:30 
📍 The Boardroom Board Game Café, Torenstraat 142, 2513 BW Den Haag

💰 Only €2.50 p.p.
👥 Spots are limited. Sign up in advance to secure your spot!","0","https://instagram.fbne12-1.fna.fbcdn.net/v/t51.82787-15/657291608_17992322198948578_2603263921408348466_n.jpg?stp=dst-jpg_e35_p1080x1080_sh2.08_tt6&_nc_ht=instagram.fbne12-1.fna.fbcdn.net&_nc_cat=110&_nc_oc=Q6cZ2gEEhHurBnyypIVgZF8M9IlScMvnMnWgB-bdcaeY64Vgp9qAdBjgHuTnIUKfLvpL0Ig&_nc_ohc=OMSew2vQ_igQ7kNvwEw-s0j&_nc_gid=b96RfUod3zwQg7ZO9azfAg&edm=ADp7STQBAAAA&ccb=7-5&oh=00_AQBE0N5Kc8Lc7aU3Owv37i7sLLhk-jLlSEOzhJNqCH58Dw&oe=6A6D2A85&_nc_sid=c6f216","",,,,,,,,"https://www.instagram.com/abba.association.leiden/","false",,"-1",,"feed","2026-03-24T08:50:42.000Z","Image","https://www.instagram.com/p/DWQsLVfgkVN/",
"🎙️Join us for the ABBA Student Association Eastern European Cocktails Workshop! 

🔎 A fun DIY workshop, making a variety of cocktails! Learn to prepare, mix, and try 3 different cocktails inspired by Eastern European culture, listen and learn about some history & background behind each one!

📆 Sunday, 7 December
⏰ 15:00-17:00
📍 Beehive Common Room, Turfmarkt 104, 2511 DC Den Haag

We ask for a donation of €5 for members, €7 for non-members.

✍️Sign up via the link in bio!!","0","https://scontent-mad1-1.cdninstagram.com/v/t51.82787-15/587302909_17979720254948578_4787873318753543284_n.jpg?stp=dst-jpg_e35_tt6&_nc_cat=103&ig_cache_key=Mzc3OTMyMTcyOTg1NjQ1NjIyMQ%3D%3D.3-ccb7-5&ccb=7-5&_nc_sid=58cdad&efg=eyJ2ZW5jb2RlX3RhZyI6IkNBUk9VU0VMX0lURU0ueHBpZHMuMTA4MC5zZHIucmVndWxhcl9waG90by5DMyJ9&_nc_ohc=8OYW0-XvAcoQ7kNvwHDr5af&_nc_oc=AdozcR1B6X2-rO99CApUhmp6Y1Y2clEDpuHTIPsWLWbIhmEm1wskXz2qPeoomGlgbEo&_nc_zt=23&_nc_ht=scontent-mad1-1.cdninstagram.com&_nc_gid=w-yx1bovTyCVY7zaEZJ-lw&_nc_ss=72289&oh=00_AQBtgdQlZGYieQeB4oWEdzYrP1akId-T8IpjajToyboRtg&oe=6A6D3006","",,,,,,,,"https://www.instagram.com/abba.association.leiden/","false",,"44",,"carousel_container","2025-12-03T08:24:42.000Z","Sidecar","https://www.instagram.com/p/DRy2RtagrdZ/",
"🥟Join us for a Pierogi cooking workshop! 

🇵🇱 Have the chance to prepare and eat your own pierogi, Poland’s world-famous traditional dumplings! At the workshop, we will be cooking “pierogi ruskie”, dumplings filled with cheese, potatoes, and onion.

🥘Join us for a chance to learn a unique recipe, get a taste of Polish tradition, spend time with the ABBA community, and most importantly, have fun!

📆 Monday, 3 November
⏰ 17:00-19:30
📍Beehive Common Room

👥 Limited spots available! Sign up via the link in our bio!
🎟️ ABBA Members: 3€, non-members: 5€","2","https://scontent-nrt1-1.cdninstagram.com/v/t51.82787-15/570996227_17976073289948578_2050880389198404534_n.jpg?stp=dst-jpg_e35_tt6&_nc_cat=103&ig_cache_key=Mzc1MjcwOTAwMjU1MTc5NzI0OA%3D%3D.3-ccb7-5&ccb=7-5&_nc_sid=58cdad&efg=eyJ2ZW5jb2RlX3RhZyI6IkNBUk9VU0VMX0lURU0ueHBpZHMuMTA4MC5zZHIucmVndWxhcl9waG90by5DMyJ9&_nc_ohc=LxrnDrwuKV8Q7kNvwGvmh-Z&_nc_oc=AdpTfMzdcMJEDKaVjMrSZqKUPNbfkanuymkGKYzFraqSk2nwClbFkLPlzxVylEsB4hWVvjHWI6klU1Iv5huQ5kh1&_nc_zt=23&_nc_ht=scontent-nrt1-1.cdninstagram.com&_nc_gid=MCEfqFvtYpYmC3GQqe8tcg&_nc_ss=72689&oh=00_AQAF0r8OEaUDUuqRS31uELv4XtLJlx5C4ET65T3hcSIZsQ&oe=6A6D4955","😍😍",,,,,,,,"https://www.instagram.com/abba.association.leiden/","false",,"79",,"carousel_container","2025-10-27T17:00:00.000Z","Sidecar","https://www.instagram.com/p/DQUf8j-ggz9/",
"👀 Throwback to our last Cultural Festival: Girl Dinner edition 🎀

And guess what? We’re doing it all again next Friday, 14th of November! Get ready for a Winter Feast 🤩 

Only thing you need to do is sign up via the link in our bio! See you then!🫶

#culturalfestival #abba #winterfeast #winter #throwback #reel #girldinner","3","https://scontent-den2-1.cdninstagram.com/v/t51.82787-15/574503084_17977271093948578_2735798988627659130_n.jpg?stp=dst-jpg_e15_fr_p1080x1080_tt6&_nc_ht=scontent-den2-1.cdninstagram.com&_nc_cat=110&_nc_oc=Q6cZ2gGiXOJWlziRLi5pG7kxDa9RHNEx4HFreVI9Qf7U0sg_55PcftgT0o-2ZvvsTJEM6jY&_nc_ohc=LML7FASq0-IQ7kNvwHDXTlW&_nc_gid=ZZh3yTzQz_IEIRyXwa-p1Q&edm=ADp7STQBAAAA&ccb=7-5&oh=00_AQBIhBNtIP3H4ICfizm7M4jTilhTBiDBeJ-eNfS2mZ5sMQ&oe=6A6D5541&_nc_sid=c6f216","@trkaupers being the honorary girl ahah","culturalfestival","abba","winterfeast","winter","throwback","reel","girldinner","https://www.instagram.com/abba.association.leiden/","false",,"92",,"clips","2025-11-08T17:00:00.000Z","Video","https://www.instagram.com/p/DQzZbuTgqtb/","4515"
"🇸🇰🇷🇸🇬🇪 Ever been curious about how students across Central and Eastern Europe are fighting corruption and authoritarianism? If so, ABBA is organizing the perfect event for you to learn more about this topic!

📚 Bringing together students who have been on the frontlines of activism, we will explore the ways young people in Slovakia, Serbia, and Georgia are standing up to oppressive governments and defending democratic values. Sofia Anna Šebestová (Slovakia), Vita Avakumović (Serbia), and Kato Ambokadze (Georgia) will share their experiences and answer your questions in a moderated panel discussion.

📢 The event aims to provide a platform for dialogue between activists and students, highlighting real-life experiences, challenges, and strategies of grassroots movements.

💡 Join us to hear firsthand stories of civil disobedience, protest organization, and student-led advocacy!

📅Friday, December 5th
🕔17:15 - 19:00
📍Wijnhaven Campus, Room 2.17, Turfmarkt 99, 2511 DP Den Haag

Sign up via the link in our bio!","0","https://scontent-waw2-2.cdninstagram.com/v/t51.82787-15/587021522_17979460286948578_3298650959567100811_n.jpg?stp=dst-jpg_e35_tt6&_nc_cat=106&ig_cache_key=Mzc3NzQzMzA3NTgyNzQ5MzMwMQ%3D%3D.3-ccb7-5&ccb=7-5&_nc_sid=58cdad&efg=eyJ2ZW5jb2RlX3RhZyI6IkNBUk9VU0VMX0lURU0ueHBpZHMuMTA4MC5zZHIucmVndWxhcl9waG90by5DMyJ9&_nc_ohc=Xu5AvRv-9FQQ7kNvwHWSDfo&_nc_oc=Adr_SCxVlmbG4ZhiIDhuW47I5VxS88rracHT5vNPMnzPHVG43KXLTPc0pVIRvj0__6M&_nc_zt=23&_nc_ht=scontent-waw2-2.cdninstagram.com&_nc_gid=GFzQvrt_KId5-7Ey5wQxNg&_nc_ss=72a8c&oh=00_AQBX9AYr_O90-Cq2gaUQiEaRxOeGnNYk_PwcJMb1NEIHYA&oe=6A6D46AF","",,,,,,,,"https://www.instagram.com/abba.association.leiden/","false",,"73",,"carousel_container","2025-11-30T17:52:17.000Z","Sidecar","https://www.instagram.com/p/DRsI2K0ArFF/",
"💃 Join us for an evening of traditional dances as part of the celebration of the Restoration of Independence of Lithuania!

✨You will get to learn Lithuanian dances, and learn about their traditions and the remembrance of independence. In collaboration with @nlt_jaunimo_sajunga 

📆 Monday, 16 March
⏰ 17:30-19:30
📍 Beehive Common Room, Turfmarkt 104, The Hague

👥 Limited spots at the event, sign up fast via the link in our bio!","0","https://scontent-ams2-1.cdninstagram.com/v/t51.82787-15/649218692_17990264108948578_1475900770961790502_n.jpg?stp=dst-jpg_e35_p1080x1080_sh2.08_tt6&_nc_ht=scontent-ams2-1.cdninstagram.com&_nc_cat=110&_nc_oc=Q6cZ2gEVxdO6XZwTyP_HILoFyWwEgj-qJIM6CaIvUxs-bAF0Z02Tca-4QIWwrN89tLqf-W4&_nc_ohc=Xn-HGMG-9VIQ7kNvwFzGpWs&_nc_gid=68aSR1_5Ho_ur1HrizPXEA&edm=ADp7STQBAAAA&ccb=7-5&oh=00_AQAae_mNb5mbD6XiUkVqfsvuwdeAS2SJkDS5q9D8KNqsfA&oe=6A6D581C&_nc_sid=c6f216","",,,,,,,,"https://www.instagram.com/abba.association.leiden/","false",,"91",,"feed","2026-03-09T14:25:05.000Z","Image","https://www.instagram.com/p/DVqr1NlgiEV/",
"Have you ever wondered where the concept of a “vampire” comes from? 🧛🏻‍♀️

We can show you 👀

Join our first Serbian event and submerge into its folklore to discover a macabre mystery of Eastern European “vampyrs”...and more 🇷🇸

This edition of ABBA DnD will take you to explore the town of Crevny Sad - the Scarlet Orchard - a blossoming valley, breathing with best what Serbia has to offer: wine, mead, good company and vibrant culture. But underneath it a mystery awaits - a series of brutal attacks against the nobles committed not by a man, but something that used to be one. It is your task to determine what happened and put an end to it 

Leverage your detective skills, engage with your fellow players and navigate the intricate tapestry of Eastern European nobility and politics to uncover the mystery of Crveny Sad 🌸

🕐13:00 - 17:00
📍Beehive Common Room
📆Sun, 10 May
Spui 5 2511 BL The Hague

Sign-up by contacting our game master under +31 628 157 692 to be added to the group!","0","https://scontent-mrs2-2.cdninstagram.com/v/t51.82787-15/683751976_17997522563948578_3176385736039860379_n.jpg?stp=dst-jpg_e35_p1080x1080_sh2.08_tt6&_nc_ht=scontent-mrs2-2.cdninstagram.com&_nc_cat=110&_nc_oc=Q6cZ2gGxpfWwhGjwQXoLahjFLqg5G7pSd9YBkaaArXzo4n1p9QdKRBx_niNbcPGR0JZbWrA&_nc_ohc=-WrZJWnjh3sQ7kNvwHqUnyU&_nc_gid=rQQ-ZDdIj4e104IDhnj3AA&edm=ADp7STQBAAAA&ccb=7-5&oh=00_AQDrEIE88qmCQmOzRuUx2XNd9kTBiVZNMjMkRdaGwlIlcQ&oe=6A6D5180&_nc_sid=c6f216","",,,,,,,,"https://www.instagram.com/abba.association.leiden/","false",,"24",,"feed","2026-05-04T15:00:00.000Z","Image","https://www.instagram.com/p/DX68WxGgpbE/",
"‼️This event is exclusively for ABBA members.

🎙️Join us for the 1st ABBA Student Association General Assembly of the academic year! We invite all members to join for an open meeting to see ABBA’s goals for this year.

🔎Are you new to ABBA and have ideas on how to improve the association? We would also like to hear your thoughts on ABBA and welcome new members to our community.

❓Attendance is very much encouraged, so sign up via the link in our bio!

📆 Tuesday, 11 November
⏰ 18:30-20:00
📍 Room 3.60, Leiden University Wijnhaven, Turfmarkt 99, The Hague

🫵 Join us for a borrel afterwards! (Location TBD at the GA)","0","https://instagram.fein1-2.fna.fbcdn.net/v/t51.82787-15/572720498_17976453623948578_5180398724666498506_n.jpg?stp=dst-jpg_e35_tt6&_nc_cat=105&ig_cache_key=Mzc1NTY2MzY2Mzc1NTg2MDg3Ng%3D%3D.3-ccb7-5&ccb=7-5&_nc_sid=58cdad&efg=eyJ2ZW5jb2RlX3RhZyI6IkZFRUQueHBpZHMuMTMzNS5zZHIucmVndWxhcl9waG90by5DMyJ9&_nc_ohc=Hvdckgodr0QQ7kNvwH0U1Bt&_nc_oc=AdpWpd_g7DEbYs4ndfxKV4WTLOYBpfqBr7A7OiKxkcfFbKDScUIfnM6miFb8E76Q_BA&_nc_zt=23&_nc_ht=instagram.fein1-2.fna&_nc_gid=AjGE-o2dF_YUsbB_rCTjzQ&_nc_ss=7ca8c&oh=00_AQCwT7qPpXmiOiBjvkm4pnQjw3SaPpQAwnDuBs5Z0U65rQ&oe=6A6D401E","",,,,,,,,"https://www.instagram.com/abba.association.leiden/","false",,"14",,"feed","2025-10-31T17:00:00.000Z","Image","https://www.instagram.com/p/DQezDQuApuM/",
"ABBA x Club Alpbach Netherlands – Info Session on the European Forum Alpbach Scholarship 

🏔️ Curious about spending two inspiring weeks in the Austrian Alps discussing Europe’s future with change leaders, policymakers, and innovators from across Europe and beyond?

ℹ️ Join this information session to learn about the scholarship opportunity to attend the European Forum Alpbach in late August. We will walk through the application process, share personal experiences from Alpbach, and give an inside look at what makes the Forum such a unique intellectual and social experience.

🌐 You will also learn how becoming a scholar connects you to an international network and how you can stay involved in the community afterwards through initiatives like Club Alpbach Netherlands. 

📆 Wednesday, 18 March
⏰ 18:00 - 19:30
📍 Room 3.48, Leiden University Wijnhaven, Turfmarkt 99, The Hague

🔗 Sign up via link in our bio!","0","https://instagram.frtm1-2.fna.fbcdn.net/v/t51.82787-15/649240871_17990645708948578_4748600866695909770_n.jpg?stp=dst-jpg_e35_tt6&_nc_cat=103&ig_cache_key=Mzg1MTI5NTY2OTU1ODA3OTA5Nw%3D%3D.3-ccb7-5&ccb=7-5&_nc_sid=58cdad&efg=eyJ2ZW5jb2RlX3RhZyI6IkNBUk9VU0VMX0lURU0ueHBpZHMuMTA4MC5zZHIucmVndWxhcl9waG90by5DMyJ9&_nc_ohc=HB1X6rhIREAQ7kNvwGXGG0p&_nc_oc=AdrpWNLLehQGQpHzKWk3zHmxBKyA-fPDAK4LgmzQZmLK_KFxvZEwV88PIgsDFmhQzpc&_nc_zt=23&_nc_ht=instagram.frtm1-2.fna&_nc_gid=lLYJRTdgFXva36R88MwhaA&_nc_ss=72a8c&oh=00_AQBagSRlRceQ4El2dPVB0I_JcNgHI2tACGGcUcv2VTni0g&oe=6A6D2FFF","",,,,,,,,"https://www.instagram.com/abba.association.leiden/","false",,"53",,"carousel_container","2026-03-12T15:47:11.000Z","Sidecar","https://www.instagram.com/p/DVyjnIwglse/",
"🇸🇰 The ABBA Student Association warmly invites you to an exclusive visit to the Embassy of the Slovakia!

🏛️ Discover the fascinating world of diplomacy and gain unique insights into Slovakia’s international relations.

⚠️ Spots are limited — don’t miss your chance to step inside the embassy and experience diplomacy up close.

✨ Get ready, bring your curiosity, and prepare your best questions for the Moldovan diplomats! 

📆 Friday, 21 November
⏰ 14:45
📍 Embassy of Slovakia, Parkweg 1, 2585 JG Den Haag

 👔 The dress code for this event is formal! Please come dressed adequately!

 🛂 To participate, please bring a valid ID or passport!","0","https://scontent-icn2-1.cdninstagram.com/v/t51.82787-15/580832682_17977703546948578_4938287366249363974_n.jpg?stp=dst-jpg_e35_p1080x1080_sh2.08_tt6&_nc_ht=scontent-icn2-1.cdninstagram.com&_nc_cat=110&_nc_oc=Q6cZ2gHSr4jLAb60_507IKTD8QIVOJmIA82BBoBA2N7FATd9vxb05sR2GH7qqh6HkIF4_Ec&_nc_ohc=XxSl-FiHusMQ7kNvwF5el0F&_nc_gid=Ab4VQSBwNB-pQNpGB368vQ&edm=ADp7STQBAAAA&ccb=7-5&oh=00_AQDqbBAwWvTiS5IV2UaGann8kt3sMNQvnJXALwseky1mAQ&oe=6A6D23F0&_nc_sid=c6f216","",,,,,,,,"https://www.instagram.com/abba.association.leiden/","false",,"44",,"feed","2025-11-13T13:00:00.000Z","Image","https://www.instagram.com/p/DQ_181ngtuI/",
"Why is Ukraine even still at war? What does this conflict mean for Europe’s future? 🇺🇦🇪🇺

Join Andrey Kurkov, one of Ukraine’s most celebrated authors, for a special talk at Universiteit Leiden, The Hague Campus, on 11 December 2025, organized by Agorá and ABBA Student Association.

The current Russo-Ukrainian war has lasted for more than 10 years and it has already become the pivotal point of European history. Few can describe this reality as vividly and humanely as Andrey Kurkov, who continues to live and write in Ukraine despite the ongoing war. In this discussion, Kurkov will share his personal experiences on how the war affects not only Ukrainian society but also the broader European community – its security, its values, and its future.  Andrey Kurkov is the author of over 20 novels and 10 books for children, translated into more than 45 languages. He is also a columnist for The Guardian, Financial Times, New Statesman, The Spectator, and other media.  
🗓️ 11th of December 
📍Universiteit Leiden, The Hague Campus (Turfmarkt 99, 2511 DP) in room 2.02.
🕐 18:00 - 21:00 (doors close at 18:15). 
‼️ Admission is free, all you need is a registration and a valid ID with you ‼️

https://docs.google.com/forms/d/e/1FAIpQLSe4Y6iNMxeqebhks-FLxyt2OMoqyFGMnOLoF7c85h9UDYDMDw/viewform?usp=dialog

See you there! ✨","1","https://instagram.fcia5-1.fna.fbcdn.net/v/t51.82787-15/574797405_18489575059076022_3346151425714561453_n.jpg?stp=dst-jpg_e35_p1080x1080_sh2.08_tt6&_nc_ht=instagram.fcia5-1.fna.fbcdn.net&_nc_cat=106&_nc_oc=Q6cZ2gHvsZgeXfJEpb31K8zIsU5M-W9-Q5vpHGK5c30AkKJ3XvhgsEG0MMYg27LltxX956M&_nc_ohc=maIU7o2lVlsQ7kNvwFcaqjY&_nc_gid=HbY71pMVvOZ8w84f5rkOKA&edm=ADp7STQBAAAA&ccb=7-5&oh=00_AQAAhfFJSOmW22xDh-LomWsS-HMZIlmUKQkMMybRXQLJ4g&oe=6A6D3812&_nc_sid=c6f216","Exciting 👏🏽",,,,,,,,"https://www.instagram.com/abba.association.leiden/","false",,"50",,"feed","2025-11-10T16:24:22.000Z","Image","https://www.instagram.com/p/DQ4e4zXiCD6/",
"The ABBA Student Association warmly invites you to an exclusive visit to the Embassy of Ukraine!🇺🇦 

🏛️ Discover the fascinating world of diplomacy and gain unique insights into Ukraine’s international relations.

⚠️ Spots are limited — don’t miss your chance to step inside the embassy and experience diplomacy up close.

✨ Get ready, bring your curiosity, and prepare your best questions for the Ukrainian diplomats! 

📆 Wednesday, 10 December
⏰ 13:45
📍 Embassy of Ukraine, Zeestraat 78, 2518 AD Den Haag
 
👔 The dress code for this event is formal! Please come dressed adequately!
 
🛂 To participate, please bring a valid ID or passport!","3","https://scontent-ham3-1.cdninstagram.com/v/t51.82787-15/587798353_17979840629948578_6713883219131411957_n.jpg?stp=dst-jpg_e35_p1080x1080_sh2.08_tt6&_nc_ht=scontent-ham3-1.cdninstagram.com&_nc_cat=110&_nc_oc=Q6cZ2gEvOyXOShGo7EsHkMpsAJ8_BS6PvikZVH-HVefavptGJ8qpl5nFh8foS4Y7m-rq-WU&_nc_ohc=4-E-IqG3I10Q7kNvwF-hkYT&_nc_gid=ysY8B6ntVu9kgiPsb4G_5A&edm=ADp7STQBAAAA&ccb=7-5&oh=00_AQDyEurfzidvO9gXEwUmA_GLe4KwLne3Q36KXGStCgAWwA&oe=6A6D395B&_nc_sid=c6f216","🙌",,,,,,,,"https://www.instagram.com/abba.association.leiden/","false",,"-1",,"feed","2025-12-04T17:00:00.000Z","Image","https://www.instagram.com/p/DR2WJJZAnp9/",
"Have you ever wondered what it’s like to be a board member? Or are you thinking about doing a board year?✨

Join us for a cozy Election Borrel on April 21! 🍻

Meet the current board, ask all your questions, and get the inside scoop in a relaxed, informal setting.
Whether you’re just curious or already considering it, this is your chance to explore what a board year at ABBA could look like for you.

Don’t miss out… your future as a Board Member might start here 😉

!! This event is only for ABBA Members. No sign-up is needed, just show up with your questions ready!

📅 Tuesday, April 21st
 🕔 19:15-
📍 Leopold (the room inside at the back of the bar)","0","https://scontent-nrt6-1.cdninstagram.com/v/t51.82787-15/670413290_17994864539948578_4996884489995404962_n.jpg?stp=dst-jpg_e35_p1080x1080_sh2.08_tt6&_nc_ht=scontent-nrt6-1.cdninstagram.com&_nc_cat=110&_nc_oc=Q6cZ2gGwI7B1ZKlJnJjMSSjsOtNlEqS1JPm2JZouPhezZraTnB6s4P3eLYCNutrhLLPjvOo&_nc_ohc=vegEdoTt_y4Q7kNvwFZUYf6&_nc_gid=fBFU6H6X8Vah2ZiGuOQ-1A&edm=ADp7STQBAAAA&ccb=7-5&oh=00_AQCzjDUAdZZrdy397TmbCUHDvE-7Kf7SPHzvlkuXuta4cQ&oe=6A6D2167&_nc_sid=c6f216","",,,,,,,,"https://www.instagram.com/abba.association.leiden/","false",,"16",,"feed","2026-04-13T17:49:58.000Z","Image","https://www.instagram.com/p/DXFLGcAAtbF/",
